Time,Ca[*],Cb[*],Cc[*],Cm[*],T[*],Fa0[*],mc[*],dCadt[*],dCbdt[*],dCcdt[*],dCmdt[*],dTdt[*]
0,0.15612173378479913,33.55804914071708,2.74943773137456,3.633950405628219,339.7951413008544,,,,,,,
0.007753,0.20421405013404745,33.41685460046288,2.748054361762844,3.619680041633702,340.0170008114979,74.22382977839567,276.19375096379963,5.085921064276237,-19.046834798816903,0.8691443241278217,-1.8193720184102329,54.12094684766569
0.032247,0.25655275900394586,32.899330584964794,2.8363365502855675,3.576718006923205,342.96225225735344,74.22382977839567,276.19375096379963,-0.3706804937020097,-22.787498549897677,5.902316336782738,-1.6900072144519762,175.37284932090253
0.05,0.2275157684030162,32.482790433532614,2.96099488948233,3.5475040865627827,346.54115455709746,74.22382977839567,276.19375096379963,-2.6685636643371673,-23.91855452596583,7.912270011092116,-1.6020399404216603,222.05587859933195
0.057753000000000006,0.23205682608479308,32.27636439850605,3.0230297741182746,3.5292322520895647,347.8292018181536,92.3323432455487,285.0582519254405,-1.1990271905524614,-33.277019805962745,9.06741551372775,-2.41065800405752,260.54460002708225
0.082247,0.15709526863314957,31.44615937893507,3.283244470996077,3.4724757798627004,355.1007234446768,92.3323432455487,285.0582519254405,-3.873747091579873,-33.49277874519019,11.138978604073847,-2.22586732855308,306.91987252246355
0.1,0.10111206782474308,30.879275332258413,3.464546182165335,3.434081631321733,360.09621558742725,92.3323432455487,285.0582519254405,-1.8829444201482612,-29.838558515908716,8.740157405870043,-2.1008616619580187,242.08218065925118
0.10775300000000002,0.08622409132536632,30.47754686736913,3.5207427197091943,3.4137461272096314,362.84476279748264,97.6597051845946,293.58599310754306,-1.4140233913698483,-31.363527676597208,8.94254369290985,-2.2804125558656105,244.47188741568908
0.132247,0.057854898866144706,29.744659644094707,3.726209277362841,3.3601027764548355,368.429979056891,97.6597051845946,293.58599310754306,-0.9048139226372076,-28.509792521167157,7.843981924330013,-2.101895884518519,211.89600693651218
0.15000000000000002,0.04499627634159867,29.255942269035316,3.858686316439631,3.3238699806207386,371.99175522955886,97.6597051845946,293.58599310754306,-0.5451511567475283,-26.56654634114288,7.086247799096561,-1.9813188136441147,189.55016611799329
0.15775300000000003,0.041938266951388324,29.205656193498704,3.921750933928152,3.312426150124987,372.3110598903701,92.89514433720474,294.65124794350606,-0.5231430818567108,-23.556724588078517,6.166840883381721,-1.7299618087503628,165.93678218825062
0.18224700000000002,0.03244364020978641,28.653909275269946,4.064108444564345,3.2716997110027517,376.11128344577236,92.89514433720474,294.65124794350606,-0.2905865083309282,-21.554550732228602,5.500691941118366,-1.5970528074429247,145.5612400219185
0.2,0.027679117944058564,28.28238562450272,4.158736442323613,3.2441538738455202,378.5989555268952,92.89514433720474,294.65124794350606,-0.2664044356747862,-20.333465848029885,5.183244239566597,-1.5071581398596188,135.33567621799364
0.20775300000000002,0.027045482694576163,28.39062783255023,4.222706200959564,3.2376555957653195,378.2821748841252,89.71955562643265,295.45145826790605,-0.10516247916080013,-18.675241184278395,4.362560924933282,-1.3470126025904383,117.4241561994372
0.232247,0.022826865743639287,27.94900935744463,4.327203632333371,3.205928044651427,381.0672364041283,89.71955562643265,295.45145826790605,-0.1916610152603304,-17.35307419112424,4.1261071176372734,-1.2448326252801325,108.88755039905881
0.25,0.020231154409968827,27.650303177715617,4.3976859836722655,3.1844491624656674,382.9142203697043,89.71955562643265,295.45145826790605,-0.07575612100420197,-16.283532477141037,3.791570305950572,-1.1756589381426241,98.62213558691789
0.25775300000000007,0.019267788406235473,27.69835534765857,4.443362122486573,3.178882609064186,383.1921347955263,87.15421516349129,296.1931226526811,-0.02622203424573179,-14.919242623704617,3.2396736038024785,-1.047530037416037,84.36961121414772
0.282247,0.017121981603843088,27.345272301960673,4.521229292485276,3.1541987447814015,385.1998562922275,87.15421516349129,296.1931226526811,-0.11058433801692708,-13.885561933995064,3.082796933206364,-0.9688902737926198,78.66936397049969
0.30000000000000004,0.015715216123498514,27.10611356702875,4.573935553243287,3.1374759901219713,386.5342703466821,87.15421516349129,296.1931226526811,-0.027732911942040722,-13.04526189839618,2.836511608110653,-0.9156136288360515,71.19764439047016
0.30775300000000005,0.013680226284807402,26.98730732703605,4.591480736550227,3.1308417409639007,388.41981000825416,84.60355112186944,297.07584295292577,-0.10391352842998575,-11.309552169603245,2.511878524605463,-0.786562516078964,54.0747346025857
0.33224700000000007,0.012647608346118104,26.72211654364253,4.649277956332479,3.112299566089591,389.6432928423171,84.60355112186944,297.07584295292577,-0.012551139764369322,-10.385719388234111,2.2416276646824604,-0.7281285412191811,46.748592792129095
0.35000000000000003,0.012092227756903124,26.542469073035136,4.688318201342625,3.0997284731384966,390.45258653058636,84.60355112186944,297.07584295292577,-0.06690584174054677,-9.875681684430118,2.1747008225410345,-0.6885118870540853,44.91290525438449
0.35775300000000004,0.01200808831908682,26.480301063667234,4.704465887016085,3.09492673477246,390.3287749763716,83.56232070804812,297.40565374150776,-0.03328471486434263,-9.065735900601055,1.9485748123989268,-0.6298319184162323,39.89580317381255
0.382247,0.011359837995575661,26.266688492929276,4.750272250639117,3.0800767539950753,391.2547284613543,83.56232070804812,297.40565374150776,-0.022327397044052646,-8.386637481858699,1.795941219995232,-0.5832425062275414,35.83810609079685
0.4,0.010957169834471314,26.12185865598911,4.7813000415370235,3.070005861951153,391.86856759731364,83.56232070804812,297.40565374150776,-0.02444624203151836,-7.9356394509145165,1.7019786970736532,-0.5516467117564353,33.385275212450836
0.40775300000000003,0.010775563698573938,26.07425420073388,4.79453629591659,3.0662101470951364,391.96492900962625,82.68762967495512,297.69727808859506,-0.015534778568335027,-7.294934060568075,1.533971682803009,-0.5034952093865656,28.821623260553157
0.43224700000000005,0.010358775224782386,25.90218149999997,4.83075942800589,3.0543371990485064,392.637515805138,82.68762967495512,297.69727808859506,-0.017029830651048055,-6.759915457718747,1.423553361032347,-0.46638609576825485,26.099338047891454
0.45,0.010088797717413672,25.785469496150856,4.855318479810676,3.046283237428442,393.0834613032359,82.68762967495512,297.69727808859506,-0.012615760120315163,-6.391559730196714,1.3432233499747483,-0.44121329322059155,24.14317361593229
0.457753,0.010254999896388284,25.75893656967865,4.867269812313107,3.0433689235524097,392.681372142375,82.24247952005497,297.8206607599185,0.017617893215204163,-6.033955145184372,1.2154270505503515,-0.41379703704062504,23.024203374710893
0.482247,0.009952698002080877,25.615921424697262,4.896650727067619,3.033610444022812,393.2364427919958,82.24247952005497,297.8206607599185,-0.025173403286773765,-5.6315533675367115,1.1675075408543005,-0.3833554355222763,21.874128687297237
0.5,0.009720776101910687,25.5188685198994,4.916610515202697,3.026989977642879,393.6052581714954,82.24247952005497,297.8206607599185,0.008041334931070853,-5.2963053288393045,1.0727516741328889,-0.36270287394315787,19.454380342508717
0.507753,0.00913423319418371,25.46556498462663,5.005647295439466,3.010715904006574,394.492699885698,81.21123277517233,298.1467410071925,-0.026025586737904328,-4.604917227725184,0.6945333343209805,-0.26997922535892066,11.925330335761837
0.532247,0.008978573662201743,25.357408208004205,5.021570872009772,3.004347974774752,394.758261116188,81.21123277517233,298.1467410071925,0.0025289520388459795,-4.240958010025595,0.617010476567567,-0.2502031960275394,10.064513459728238
0.55,0.00889839475871741,25.284034925927433,5.03235167699427,3.000026488971996,394.93374468657885,81.21123277517233,298.1467410071925,-0.017227869179691227,-4.033098206533583,0.6035357891530001,-0.23678253337893623,9.866621434441509
0.557753,0.00780651513397506,25.26564276705432,5.037807329379432,2.998707114308462,397.046802010258,80.06951650769463,298.65319327603453,-0.10052594234256076,-3.4446328469219365,0.5227853699273307,-0.18641928007061948,-1.9635670385702912
0.5822470000000001,0.007785185340709303,25.186730162575298,5.047790237986042,2.994309272059269,396.93876507350376,80.06951650769463,298.65319327603453,0.04290639690709001,-3.057415569393636,0.3485703758677191,-0.17282933992135327,-5.361854732193381
0.6000000000000001,0.007870152889473464,25.133259390323232,5.054467738467584,2.991323774662742,396.8645313089882,80.06951650769463,298.65319327603453,-0.06268415748552546,-2.9975114886213667,0.4332639697542972,-0.16360374049426196,-2.215656897481493
0.607753,0.007790934873119546,25.13655153894874,5.060358819887759,2.9904948197208427,397.0505045761231,80.02691580131005,298.64895298351325,-0.08029956630247254,-3.0025584887554686,0.4273174353319559,-0.15932057152420362,-2.714198793029074
0.632247,0.007785636172762167,25.067606358487605,5.068550720629412,2.9867362406029727,396.9371466887859,80.02691580131005,298.64895298351325,0.03495072470138419,-2.674314126151689,0.2867741258776939,-0.14770820652880762,-5.338741481327436
0.65,0.007861840832448641,25.02088180492026,5.074032099955214,2.984184679038317,396.8599121689212,80.02691580131005,298.64895298351325,-0.049957984949331485,-2.6146289694635003,0.3545123326047896,-0.1398249976704037,-2.730768576367397
0.657753,0.007386742795369932,24.897886411285953,5.064197032667423,2.9815583185843355,397.9254089728908,79.65258833638957,298.8269414529878,-0.10453261618503655,-2.0898959239870716,0.3917298720589832,-0.11662854206632862,-7.4915014205290955
0.682247,0.007418194313406062,24.85107770272991,5.0709413512994095,2.9788067317296134,397.68443744985467,79.65258833638957,298.8269414529878,0.04763443887888813,-1.793250208094286,0.2186629269047747,-0.10814126142305498,-10.589344611479218
0.7000000000000001,0.007540579530842848,24.819398607155005,5.07541928179264,2.9769385797768746,397.5221585961496,79.65258833638957,298.8269414529878,-0.06508145461988728,-1.807874307073438,0.3171891282202589,-0.10237893926340283,-6.855503949164163
0.707753,0.0074762879680874,24.63745780915848,5.057765178041408,2.9734334082507297,397.71997126781014,79.75169790078427,298.785531046779,-0.08952173843284085,-1.3241250816257726,0.40931981473854206,-0.09554959787843839,-6.62186086644268
0.732247,0.007505810167169908,24.608360127095906,5.065280446598309,2.9711791679152646,397.5084786508223,79.75169790078427,298.785531046779,0.04095745944098646,-1.1037638952706375,0.2555585747664963,-0.0885933654145782,-9.271389837811547
0.75,0.007613199467797058,24.5886925647173,5.070295343367055,2.9696487260195443,397.3662023421535,79.75169790078427,298.785531046779,-0.05563374777575106,-1.1393327000939009,0.3363432097715838,-0.08387066152557084,-6.035188014240847
0.757753,0.008278868069403374,24.447759684345055,5.05717974499975,2.9667008395096834,396.02359751887593,80.46377686266432,298.4430741117625,-0.019309737447373118,-1.0436470619879126,0.4321101931023464,-0.1033215842209004,1.9954786020239406
0.782247,0.008248843952414342,24.423565936169876,5.06694757331713,2.964263523021691,396.0584915402428,80.46377686266432,298.4430741117625,0.006765989146413271,-0.9427733491113535,0.37589142468060943,-0.09577695389833062,1.1326849414431783
0.8,0.008247824679742766,24.407163105368372,5.073558402767014,2.962609125480322,396.0810374754851,80.46377686266432,298.4430741117625,-0.012181847040437966,-0.9109499353538085,0.3743788181899898,-0.09065582255667297,1.5539245209200747
0.807753,0.008194196451609017,24.333924166836017,5.068466611854916,2.9608754678242977,396.18518700694256,80.3749018728483,298.473203809939,-0.021631743405299237,-0.6468666668539437,0.38807832413742954,-0.08173329318364585,0.9592903215832413
0.8322470000000001,0.008174660947169258,24.319155365649507,5.0771306068653645,2.9589473828581117,396.1942083804521,80.3749018728483,298.473203809939,0.008388447430990133,-0.5712083396225721,0.3313098849136532,-0.07576728737936528,0.09780280774716829
0.8500000000000001,0.008183282548223253,24.309152250617664,5.082989806332369,2.957638607268642,396.1995765844584,80.3749018728483,298.473203809939,-0.013535430907713607,-0.562153251831497,0.33507716996706766,-0.07171758889604443,0.6753231505288267
0.857753,0.008131320913256872,24.23969943121897,5.077748841356282,2.9560621775843843,396.30311207602807,80.3086968805094,298.49472295307845,-0.020303546295815083,-0.31925665984406504,0.349532148398657,-0.064195021045145,0.11130655743669808
0.882247,0.008121560915828531,24.23263730356581,5.085525174236154,2.9545478033579236,396.2929915565138,80.3086968805094,298.49472295307845,0.00836525085510878,-0.26877227786100966,0.29683846516084,-0.05951050075101396,-0.6319407223338658
0.9,0.00813558462420342,24.227864120263845,5.090783166106645,2.9535198332821895,396.2857420129663,80.3086968805094,298.49472295307845,-0.012637416644655097,-0.27496634125203817,0.3015328361123454,-0.05633060862303871,-0.024219902264810113
0.907753,0.008166493528386066,24.180041736759694,5.087605296702031,2.952351197840936,396.2223185056181,80.32477582703147,298.47641614689167,-0.011612676963979827,-0.1343815751986666,0.3123513750709596,-0.05335708233324818,0.298208930659492
0.932247,0.008158368524258424,24.177137474885622,5.094707893061078,2.951092496202008,396.2220412409588,80.32477582703147,298.47641614689167,0.004638944467634359,-0.10917050063294509,0.27415238496509914,-0.049463178539940374,-0.1471400145500819
0.9500000000000001,0.008164643768414394,24.175177836910528,5.09951738297112,2.950238082787808,396.22153633988745,80.32477582703147,298.47641614689167,-0.007246508825462585,-0.11497422915109154,0.27113984685049236,-0.04681997578901593,0.18149867408992026
0.957753,0.008218253445336719,24.152413869998053,5.09894483723179,2.949521380868854,396.10868311112966,80.35201194341151,298.4512565217797,-0.0023925008566917914,-0.053865679309733565,0.27145871621784057,-0.0456883835538389,0.6643580176116268
0.982247,0.008210041754069553,24.151191403643786,5.105300333401513,2.9484435897853887,396.12280882417735,80.35201194341151,298.4512565217797,0.0005794292920297951,-0.04713689906843919,0.24884856930355817,-0.04235374572613164,0.5215145185492237
1.0,0.008206741458772917,24.150363867217045,5.109612170746726,2.9477119851391875,396.1320787603071,80.35201194341151,298.4512565217797,-0.001551391250805978,-0.04671756956360257,0.23764896723560733,-0.04009019338692882,0.5399127832014616
1.007753,0.007649080649592787,24.154748778469916,5.111839430829858,2.947614435531813,397.2884896534841,79.8349473037566,298.6854274691751,-0.042933820377045684,0.16874530884509653,0.20622451152167673,-0.019192336038123856,-5.703587729806299
1.032247,0.007689165954380221,24.15978280573841,5.1156517056410085,2.947161649219456,397.1274669374066,79.8349473037566,298.6854274691751,0.021153435458147254,0.21741642412438927,0.13024514211149707,-0.017794599043218187,-6.76666242182164
1.05,0.007759849184164334,24.163243879706418,5.11819639242401,2.946854252271115,397.01988659233615,79.8349473037566,298.6854274691751,-0.026349665863751558,0.15944729405410998,0.1696746790996869,-0.01684567440682599,-4.997621998111137
1.057753,0.007196965087989374,24.172186554055866,5.120160898515408,2.9469605314362255,398.2926435951213,79.39633308609837,298.8908068712821,-0.07493945853501291,0.3124681765109438,0.15660583932204916,0.0002935260975170419,-11.17061716297662
1.082247,0.007273766773246153,24.181403745663093,5.122010911111498,2.946967456810792,397.98318364605154,79.39633308609837,298.8908068712821,0.0372593645127584,0.39650508267410844,0.03847042230984296,0.00027218873394708,-12.911733809038479
1.1,0.007398955363383613,24.18773513197736,5.123194002639583,2.946972159043872,397.77668439138654,79.39633308609837,298.8908068712821,-0.04624108402377114,0.2938830839664925,0.1179400060511405,0.00025770096063452524,-9.730043932828732
1.107753,0.00873598552111419,24.1876190603637,5.123914262142444,2.946586226165224,395.0809805361617,80.74130945718201,298.24106505191475,0.04870601444405574,-0.3151478419407655,0.19236184047824478,-0.05210847870779344,5.4971434577214495
1.132247,0.008694405981705327,24.17899469694017,5.129642282168582,2.945357062853001,395.2409049852202,80.74130945718201,298.24106505191475,-0.023864359895039097,-0.3611183113515184,0.2473087049667195,-0.0482990355611476,6.7967378633670466
1.1500000000000001,0.008612141866131915,24.17308708900328,5.133584071515333,2.944522799867597,395.34805923182836,80.74130945718201,298.24106505191475,0.029427919958001265,-0.2897720301495105,0.1820549210604622,-0.04571347400017282,4.874004999053882
1.157753,0.007607557382270731,24.171759486443758,5.135007641309108,2.9444435215935143,397.3732117980912,79.75703685192657,298.69796994297315,-0.049132488858253436,0.15093011438127105,0.1308641104946548,-0.006303785685533179,-6.242657632509412
1.182247,0.0076502763721597875,24.176522149910515,5.13689316232951,2.944294800553456,397.19566190377856,79.75703685192657,298.69796994297315,0.024022948402111617,0.20952020200804747,0.051758287575088706,-0.005844845128724224,-7.482001178105727
1.2000000000000002,0.00772878864693145,24.179805107425707,5.138123762810973,2.9441938314782234,397.07696863360644,79.75703685192657,298.69796994297315,-0.030198766283976632,0.14540984021241385,0.10194019096725396,-0.00553326309843799,-5.484348977719406
1.2077529999999999,0.007972220491317948,24.180641904701726,5.138814198349059,2.9440627704288915,396.5921161191686,80.07800737363075,298.5391308352065,-0.016355969708487902,-0.011620034997571334,0.12708578831801243,-0.01789851387942632,-2.293456308628452
1.2322469999999999,0.007989478817647094,24.180770888944387,5.141409178410114,2.9436405247716655,396.5279285380244,80.07800737363075,298.5391308352065,0.008182598511563477,0.0125732718855363,0.0944747428460535,-0.01659366801270147,-2.689114882416124
1.25,0.008018311234342199,24.180875566878317,5.1431536728828515,2.9433538818750864,396.4850387650377,80.07800737363075,298.5391308352065,-0.00996760367323632,-0.005811312128833171,0.10714491646826411,-0.015707868970305558,-2.0071556677507334
1.257753,0.008432487105848036,24.18148535971468,5.144062725219819,2.9431455774616415,395.6653457071985,80.45731534559675,298.3533414882978,0.016520085728195116,-0.17969555627482306,0.126019137198133,-0.030150082411882988,2.548658627488866
1.282247,0.008411347505355186,24.17683556359972,5.147446313889232,2.9424343478474135,395.7356705256089,80.45731534559675,298.3533414882978,-0.008491160941045121,-0.19037935823670685,0.1406223306956511,-0.02794855742504899,2.9307948865604043
1.3,0.008378932959984264,24.1736613116344,5.149761090125153,2.941951579724704,395.78264292495294,80.45731534559675,298.3533414882978,0.009963188581845077,-0.16219983213763334,0.1151032074481857,-0.02645420726902392,2.2232066881573083
1.307753,0.008051716708790036,24.176016185530056,5.151028301038313,2.9418931806300197,396.42774433278015,80.12505476599561,298.5035431772185,-0.014322031680297892,-0.01982067138755084,0.09319098203892012,-0.013064316532958744,-1.4208059172611562
1.332247,0.00806076084620209,24.175895511696382,5.1528798480226214,2.9415849813799686,396.3853561586027,80.12505476599561,298.5035431772185,0.00681738330140838,0.0017196874019950355,0.06630068702935421,-0.012111706961178305,-1.8171304874856558
1.35,0.008081829197958601,24.175828521751484,5.154121831224459,2.9413757620963463,396.3569322228493,80.12505476599561,298.5035431772185,-0.0087735557551133,-0.013599073262613396,0.07798767434229875,-0.011465033446734323,-1.267951472200779
1.357753,0.00790032397733342,24.17972259148063,5.155115676594883,2.941387177205956,396.7379652013027,79.98774662338462,298.56487231842624,-0.023669814162712414,0.031220337840547036,0.07249150716762735,-0.006042526955406361,-3.1311584180735808
1.382247,0.007923085357795682,24.181040291087097,5.156244689698983,2.941244625238965,396.64950672111706,79.98774662338462,298.56487231842624,0.011711332344514921,0.06260137722741445,0.03355249108467693,-0.005602179202338991,-3.7189821706641273
1.4000000000000001,0.007963107245010209,24.18195940893434,5.156986574064845,2.941147850847905,396.59036511746024,79.98774662338462,298.56487231842624,-0.014459890995397092,0.03371459731611651,0.05730838008077739,-0.005303239899309645,-2.7482641438872544
1.407753,0.008016013973422106,24.185949675944233,5.15782480227961,2.941141601372553,396.4955391979435,80.08452861646664,298.51563191478317,-0.013759868181674594,-0.02872588264039231,0.066455789275773,-0.00913055055078867,-1.9121920741452398
1.432247,0.008030435418101188,24.185611032998935,5.159053534333511,2.9409262018572644,396.44194815864546,80.08452861646664,298.51563191478317,0.006879441227568235,-0.006995483862394452,0.041974711609708754,-0.00846489259196321,-2.2464845295737272
1.4500000000000002,0.00805468840371991,24.185395607474074,5.159873198738782,2.9407799774391594,396.4061285443236,80.08452861646664,298.51563191478317,-0.008379573809110938,-0.02151381056537592,0.054625734111756606,-0.008013009273861406,-1.6749609030409085
1.4577529999999999,0.007539224079674843,24.19077160219721,5.160811430686248,2.9409188560083193,397.5117719496716,79.65145273693003,298.72124162051006,-0.052920802141044984,0.143882906341926,0.04149242561609849,0.008769173724392,-7.20246660236472
1.4822469999999999,0.007589490053768077,24.195465007732288,5.160491537947644,2.94112574488125,397.30933161534546,79.65145273693003,298.72124162051006,0.02611554240369534,0.20859753961937078,-0.03671225823429152,0.00813102734442168,-8.494317419825954
1.5,0.0076768073060404,24.198704721590666,5.160221161261941,2.9412662092744246,397.17405167772677,79.65145273693003,298.72124162051006,-0.03251374474307651,0.14024472092681642,0.022481673656823464,0.007697766518215395,-6.309079450546233
1.507753,0.008333513015894474,24.197089832627867,5.160095373047822,2.941100270820167,395.8502044233622,80.35117079617491,298.3864965180138,0.013375570667632794,-0.1755232679023145,0.06602750935640796,-0.01960041135933164,1.3502509481523721
1.532247,0.008324461209435535,24.192624647861418,5.161977547445697,2.940637896145187,395.8903444942053,80.35117079617491,298.3864965180138,-0.00640847696441717,-0.18152028837378317,0.08001622002817596,-0.01816984987035737,1.7188871870805613
1.55,0.00830400222093268,24.189579364847173,5.163269482458027,2.940324036114903,395.9172686867879,80.35117079617491,298.3864965180138,0.008151275750297487,-0.15760189861360588,0.06152259132010232,-0.017198784419436907,1.204985942072063
1.557753,0.00803604434131779,24.18706036209165,5.163572993503386,2.9402393514101095,396.45493923588924,80.09129757454187,298.5062568164946,-0.014939805541170583,-0.03684182345362641,0.05069068690150214,-0.006611241246129078,-1.6722765872506178
1.582247,0.00804746645911752,24.186555092603278,5.164404972225881,2.9400833852853503,396.4062548705938,80.09129757454187,298.5062568164946,0.0072257728635719215,-0.013079444518133533,0.02591863513172214,-0.006129238465706166,-2.0693454285614865
1.6,0.008070835135422161,24.186227704766946,5.164954146888651,2.9399775075560566,396.3736462673783,80.09129757454187,298.5062568164946,-0.009134755456072008,-0.028355983512504093,0.04050975691021242,-0.005802030490363948,-1.4817199161893635
1.607753,0.007406822408104403,24.190207367012363,5.165579786377028,2.9401477593815146,397.80782480110486,79.51770198242937,298.7812807740228,-0.06733717498555696,0.201257694545217,0.024208976528012197,0.01646176091040428,-8.692520939083828
1.632247,0.007464906440041841,24.1966024794712,5.164504167571972,2.940536145976642,397.56136938841064,79.51770198242937,298.7812807740228,0.03287535049324001,0.2819351815940205,-0.07286681362980454,0.015264488853152758,-10.37420749919763
1.6500000000000001,0.007571023533140465,24.201011201049255,5.163707182554109,2.940799845899305,397.3966168200341,79.51770198242937,298.7812807740228,-0.04151250751927465,0.19428376560124178,0.0036507699498320905,0.014451586057684696,-7.631982171624916
1.657753,0.007695509776179186,24.20556459990448,5.164001129235067,2.9408877536639824,397.1708451335412,79.78972624869088,298.65069570524923,-0.040818605176901814,0.03796843517878404,0.03706065009578144,0.003369880479539573,-5.427910070457047
1.682247,0.007733889900269313,24.207461740564064,5.163874090639127,2.940967256597667,397.017680401451,79.78972624869088,298.65069570524923,0.020131884236413197,0.0931821256134833,-0.023616207603798758,0.003124506027023762,-6.436545118197932
1.7000000000000002,0.007801549004213815,24.208791329876558,5.163746240455299,2.9410212318955957,396.9152857705555,79.78972624869088,298.65069570524923,-0.025021229715003975,0.04413424426560182,0.02172267752093634,0.002957918977150516,-4.762325127337055
1.7077529999999999,0.007821145828870925,24.214917241837128,5.164519496667539,2.9411071636796207,396.9070541283723,79.90002680418885,298.59690228305624,-0.03554105564989141,-0.043373802325311024,0.044145964624787926,-0.0016911587435979366,-3.9301158266851366
1.7322469999999999,0.007846975386318808,24.214758282904103,5.164696672288967,2.941067266222915,396.7924007051607,79.90002680418885,298.59690228305624,0.017099006492766983,0.009836858543201168,-0.009120946604139105,-0.0015679614713953916,-4.876783147641443
1.75,0.007900914913917695,24.214686771735703,5.16478055054921,2.9410401803167585,396.7156076689985,79.90002680418885,298.59690228305624,-0.021816717282478377,-0.02869149258177942,0.02936921682402896,-0.0014843243168201317,-3.483448570776405
1.757753,0.007494913727779316,24.224691955040562,5.166031650809316,2.9412691276087384,397.6147544114631,79.59832693239241,298.7414369004157,-0.06358972279252938,0.0564614484887024,0.02928530936034562,0.009800349932478436,-7.58762763506621
1.782247,0.007544367679846394,24.227573770137056,5.165172854585517,2.9415003467634886,397.39661587458954,79.59832693239241,298.7414369004157,0.030744031353738314,0.142060850235893,-0.0625526187763461,0.009087323070426223,-9.22935017806485
1.8,0.007641259333483815,24.229593684254848,5.164526462606745,2.9416573322628836,397.2506609156557,79.59832693239241,298.7414369004157,-0.03920152556615795,0.06618513292445664,0.009087471163316267,0.008603215782075435,-6.69183339852877
1.807753,0.008193870149500793,24.239647890988604,5.1656832856211565,2.941713311692038,396.1346249599729,80.22185705980483,298.4418289996922,-0.004718026170009095,-0.2575143745719508,0.050442977909022635,-0.016356531889758007,0.027304145135621353
1.832247,0.00819155800324448,24.233681974574463,5.166764274413897,2.941327452149357,396.1323215106574,80.22185705980483,298.4418289996922,0.001942143600145887,-0.23241356668109794,0.04044732764862493,-0.015163378240994674,-0.14473202085579792
1.85,0.008194828773514153,24.22963699935316,5.1674932367386015,2.9410655208948993,396.1306676414275,80.22185705980483,298.4418289996922,-0.0029325448359952522,-0.22477028175736838,0.04305780724094099,-0.014353435250317194,-0.004484450032362093
1.857753,0.00844823036372813,24.237628222365267,5.16896065264946,2.9410575942795387,395.6290991423492,80.4282833254953,298.3407776044519,0.014419634556136126,-0.3402185891005556,0.047227164028422385,-0.0225331345464639,2.625673899528438
1.882247,0.008425280514556354,24.229239444558875,5.170437835225582,2.9405260432103693,395.69991391301187,80.4282833254953,298.3407776044519,-0.007671364373603035,-0.3364174646231637,0.06481733250582385,-0.020887991238413034,2.9254904147112812
1.9000000000000001,0.008393779165556784,24.22352934293714,5.171456448239086,2.940165234207147,395.74717013292286,80.4282833254953,298.3407776044519,0.008651238150734689,-0.3025196717180085,0.045439632845296965,-0.019771292295331113,2.2771402777678578
1.907753,0.007899159320051941,24.23297652097115,5.173119552638704,2.9403248937072766,396.7383653856022,79.95539647939512,298.56108377761797,-0.02814318175881689,-0.12069941838696713,0.017148828945441903,-0.0014756934933131166,-3.1480944792735333
1.932247,0.007920218755098575,24.230814033131477,5.172839119119342,2.9402900797755174,396.6467329784749,79.95539647939512,298.56108377761797,0.013578885038775962,-0.07223325621970186,-0.023772136093878116,-0.0013681673230794818,-3.894716769670425
1.9500000000000002,0.007963575349649648,24.229375029134477,5.17261967935704,2.940266445388903,396.58535296846264,79.95539647939512,298.56108377761797,-0.017247482492910245,-0.0984812107637879,0.0075980812046763675,-0.0012951702512146385,-2.7897894585229874
1.9577529999999999,0.008341342225275467,24.23543416143886,5.173467273445069,2.940266869691214,395.8318652680188,80.33508013649,298.37999128461155,0.012089463947949403,-0.2869342653158055,0.023826085465996964,-0.016382579099896988,1.390384946693919
1.9822469999999999,0.008331287155014232,24.22837010325328,5.174324580330682,2.939880402823542,395.8721388105759,80.33508013649,298.37999128461155,-0.0059005151111848194,-0.28310108549350016,0.03919489883002874,-0.0151869561723572,1.709040719411362
2.0,0.008311458432760425,24.22356199358323,5.174919526423748,2.93961806781898,395.89912168001774,80.33508013649,298.37999128461155,0.007348621900612749,-0.25503831511855646,0.02416650576269259,-0.014375363323427297,1.2316274293319327
2.0077530000000006,0.010002002921203065,24.223961505746743,5.175419826889067,2.939216166142711,392.8393194873919,81.60274700095447,297.7927529904127,0.14597412104101687,-0.7807525485657273,0.04346694375318179,-0.0634826236561355,16.431528549432116
2.0322470000000004,0.0098572397406889,24.201959680333804,5.180032601273286,2.9377189138228665,393.3179343451986,81.60274700095447,297.7927529904127,-0.0729975040630435,-0.9317299679259358,0.2485392227410956,-0.058824885063299547,20.360816478924203
2.0500000000000003,0.009579886726640546,24.186851072674653,5.183341752944192,2.936702943323836,393.6392229066496,81.60274700095447,297.7927529904127,0.08629073805516979,-0.7263038062165612,0.07981948706458875,-0.05566434562729709,14.634568492630262
2.0577530000000004,0.009541953636683866,24.182460439218808,5.184368224465561,2.9363893390760594,393.6083239072493,81.25883403382349,297.9396468137759,0.11098652562718994,-0.5069418200830559,0.0074044587531477855,-0.04104197871715895,12.504294655387795
2.082247,0.009437524985654292,24.167781209871393,5.187265088539833,2.935421300202068,393.97235407894743,81.25883403382349,297.9396468137759,-0.05509315364379113,-0.6277491074358066,0.1648102471407528,-0.03803504666996541,15.480955572692247
2.1,0.009235022999840047,24.157687904731755,5.189362602997261,2.934764366213922,394.21659037532555,81.25883403382349,297.9396468137759,0.06611620919365184,-0.47581683276621134,0.037714577581729414,-0.035994471735507905,11.121942206800895
2.107753,0.008864348752706646,24.14881746333255,5.189253764207213,2.93454404754246,394.81103944142467,80.73832937334763,298.17448262811894,0.06539745692906893,-0.17623585998760383,-0.02761536778599977,-0.014668982521053645,6.1849429218148515
2.132247,0.008821652886747963,24.143074985780178,5.190187685101733,2.9341980273867994,394.9975534834515,80.73832937334763,298.17448262811894,-0.031305070861826434,-0.2552737602006797,0.0663250966341062,-0.013596605100223376,8.027879516530852
2.15,0.008719453549511374,24.139104202909596,5.19089478102267,2.933963174904714,395.12284321853576,80.73832937334763,298.17448262811894,0.03952960153890634,-0.17244966590100677,-0.0063842568442672555,-0.012868755884234927,5.553593401817016
2.1577530000000005,0.009093183459736065,24.136830232686204,5.190914736836803,2.9338062357726846,394.38676592743883,80.91573874479714,298.0905127434894,0.08750007642443734,-0.2095997905292716,-0.032559582323919194,-0.01941595116666332,8.225333972735381
2.1822470000000003,0.009034888915422442,24.129763983430927,5.192268960922924,2.9333482547313543,394.63519323936396,80.91573874479714,298.0905127434894,-0.04198727715187555,-0.3173514568252159,0.09290835040567504,-0.017995489262260387,10.699116118237598
2.2,0.008895497924034386,24.12486836132726,5.193287886765809,2.9330374274261763,394.80212824746604,80.91573874479714,298.0905127434894,0.05268941075028129,-0.2079229680976332,-0.004496279567002376,-0.017031435500184836,7.39364583368417
2.2077530000000003,0.008919138827313723,24.130592754441114,5.1943295955032,2.93306445031306,394.70514844218155,80.77423814773593,298.15256105201075,0.07236971332981755,-0.13149910242985058,-0.045831464540830744,-0.011506730446387739,6.6173180915187135
2.232247,0.00887421810375098,24.125738890372503,5.195000511597491,2.932793024717157,394.90621316397176,80.77423814773593,298.15256105201075,-0.034515910781477886,-0.22347863036478507,0.05911378586828099,-0.010665402997309118,8.676413481424255
2.25,0.008762375450351587,24.122363131924722,5.195537228496872,2.9326088033142605,395.04133958829624,80.77423814773593,298.15256105201075,0.04372514732531069,-0.13512053837931098,-0.020444238548782846,-0.010094379021292878,5.956978995802602
2.2577530000000006,0.00878534939802069,24.139095181058707,5.197651238115512,2.9328479209252802,394.9534840128439,80.66277329426633,298.2010153661802,0.06131136058807567,-0.11068678359098932,-0.059104987335867255,-0.006417867199803717,5.336160075601873
2.2822470000000004,0.008751120984943291,24.13500371428136,5.197737512335516,2.932696530820786,395.11743753969165,80.66277329426633,298.2010153661802,-0.029007456595931215,-0.188435646874017,0.03105258386378216,-0.005948837169101317,7.101118920838215
2.3000000000000003,0.008659794349542666,24.132158579436016,5.197864164519362,2.9325937763668355,395.2276771805768,80.66277329426633,298.2010153661802,0.03715435217344895,-0.11374211303866016,-0.035218668935161,-0.005630487929222004,4.819749740336256
2.3077530000000004,0.007967503937848428,24.163226590766225,5.201428541331431,2.9332423443154845,396.57197779315254,79.97502004712662,298.5215240172473,-0.00889946598737381,0.10385445542994656,-0.0871977364011884,0.019621593174735052,-2.8637736865860317
2.332247,0.007993857937602022,24.165912978688038,5.199135110364798,2.9337052470934415,396.49904625568234,79.97502004712662,298.5215240172473,0.005430658600572373,0.10996810450042245,-0.09452517495566716,0.018191750754115176,-2.9425391244381602
2.35,0.008021569604105456,24.167746516734038,5.197568340358752,2.9340194994947555,396.45055323914573,79.97502004712662,298.5215240172473,-0.005260916308136352,0.09369858259154534,-0.07907966248927034,0.017221068711196157,-2.4426653932160516
2.3577530000000007,0.00827981211782729,24.20324609501318,5.201105740796139,2.9346399038162407,395.9371488662669,80.24202880627834,298.39491702701514,0.014732863525145834,-0.13586590126213494,-0.07619254752499009,0.004715880491484734,0.44345073258645
2.3822470000000004,0.008281334534425621,24.199694921812284,5.199654355558243,2.9347511536527042,395.9567755637097,80.24202880627834,298.39491702701514,-0.006395784902040791,-0.1460079471842087,-0.05058024268037251,0.004371843775823689,0.935918917987365
2.4000000000000004,0.008266951869103567,24.197268893109634,5.1986845402217945,2.9348266724294687,395.97017137988513,80.24202880627834,298.39491702701514,0.009089237367329837,-0.12306498332683448,-0.06302166274005108,0.004138304269118452,0.45604464036098813
2.4077530000000005,0.007906172763441,24.23464048623139,5.202702740573829,2.935556954445357,396.7074387983364,79.9157507942684,298.5485282334652,-0.021800622695253246,-0.09856584352828579,-0.08572344787970307,0.014823276602239963,-3.358688347577211
2.4322470000000003,0.007932081621987568,24.23285537100687,5.200140153266297,2.935906661130556,396.61482396283304,79.9157507942684,298.5485282334652,0.011072825256454354,-0.060099844105751955,-0.11076347996268486,0.013743361290809842,-3.8590948646992556
2.45,0.007972507011114172,24.231666319350825,5.198377614983627,2.9361440717459115,396.5529479483761,79.9157507942684,298.5485282334652,-0.013264487738214668,-0.08064045791697325,-0.08110817860673655,0.013010223008157145,-2.9310627683476342
2.4577530000000003,0.007726203743095803,24.25706387852709,5.200736176976271,2.9367013106224023,397.0953361543583,79.75503141562886,298.62798749130144,-0.04210849630849773,-0.10386364659832663,-0.07961865447606845,0.017667608894230233,-5.20202171345971
2.482247,0.00776189351734194,24.255642619470123,5.197828658225368,2.9371181309524865,396.9467208717297,79.75503141562886,298.62798749130144,0.02054643607568889,-0.03671273277485722,-0.13341144324941923,0.016381347889430183,-6.2746997626055006
2.5,0.007829108908346377,24.254720688599864,5.195811711426961,2.937401117054865,396.8472532037629,79.75503141562886,298.62798749130144,-0.025830165876790972,-0.08003693979341879,-0.08101818784179854,0.015508084370072688,-4.585871910309136
2.5077530000000006,0.008035069909028133,24.247199273997676,5.194342633391895,2.9373358685683204,396.45404801991754,80.03691922231188,298.49947795526595,-0.02304271522980842,-0.20211535142632164,-0.04334762873257006,0.004520256003284414,-1.6852675420234797
2.5322470000000004,0.008043194728921753,24.24298284974986,5.192768276725263,2.937442507101652,396.40002336844265,80.03691922231188,298.49947795526595,0.010598077154441284,-0.15542197969569374,-0.07214923825333495,0.004190775176954991,-2.3715637791353332
2.5500000000000003,0.008072549493182096,24.240144321260722,5.1916756676320315,2.937514899884644,396.36364741941105,80.03691922231188,298.49947795526595,-0.014176031752076485,-0.17133519644040687,-0.04408999494030997,0.00396710336513131,-1.5404672060227853
2.5577530000000004,0.007793812640532239,24.232363021798445,5.190465149772152,2.937494454771961,396.9617777449299,79.83013145902343,298.60274198379454,-0.04379368546676734,-0.06872080302856892,-0.036702380282320396,0.012238892959870941,-4.247325295618257
2.582247,0.007819370710033826,24.231800497912236,5.188540524004437,2.937783195421152,396.8345401276061,79.83013145902343,298.60274198379454,0.020706456680305664,-0.0024053087955990694,-0.09534028422651947,0.011347578518577997,-5.4625659311000465
2.6,0.007881320152706775,24.231463197547043,5.187189294375168,2.937979221923215,396.74918394746504,79.83013145902343,298.60274198379454,-0.026950032679993866,-0.048829352636260606,-0.0437039116997681,0.010742463677096468,-3.7969926331269845
2.6077530000000007,0.006646387204534075,24.228299072165605,5.186046261355852,2.938299568502035,399.6099726495324,78.72037263635526,299.15399069049846,-0.1359117044860599,0.43336181863515844,-0.07147998766450207,0.0538185019489772,-18.175736890280543
2.6322470000000004,0.006755443108603799,24.241840894337543,5.1810435225148215,2.939569487667787,399.0981702740163,78.72037263635526,299.15399069049846,0.06570171830481311,0.5937110396222272,-0.2580604741079613,0.04991742902884259,-21.486580279742416
2.6500000000000004,0.006954254755550925,24.251162135630025,5.17752132405313,2.9404319122804146,398.75628883900083,78.72037263635526,299.15399069049846,-0.08485885050456704,0.4151272200298176,-0.09729077179167896,0.04726814126887028,-15.912952789092639
2.6577530000000005,0.007259576898696282,24.246721357077934,5.175750424099113,2.9405046395504884,398.144207238,79.35694537812624,298.8489558229131,-0.08582523155793811,0.09290991346940616,-0.009093709362215048,0.021749525834313083,-10.347807517783098
2.6822470000000003,0.007324912624753794,24.251003748110456,5.173445582407775,2.9410177952217955,397.8473735544322,79.35694537812624,298.8489558229131,0.041377921538526444,0.2071223905045146,-0.12939804458264362,0.02016874526338097,-12.548577558806961
2.7,0.0074528338601323706,24.253995023630285,5.171797050572156,2.9413662247260937,397.64880198049053,79.35694537812624,298.8489558229131,-0.05311455705466377,0.10380932378641398,-0.030221311625290067,0.019095405102622476,-9.118635495010148
2.7077530000000003,0.007012587726621265,24.2624311042496,5.172149991886841,2.9416932807580505,398.7274833438153,79.11734058106764,298.97120346481796,-0.11212028314390045,0.14391763847306985,-0.0020979773750461664,0.02761282261926434,-13.227481441792502
2.732247,0.007091917765894495,24.26855159821875,5.169375704666124,2.942344799825835,398.34662985868596,79.11734058106764,298.97120346481796,0.05365756890331117,0.2911051924586228,-0.15958271606728205,0.02560792194059322,-16.120977532397035
2.75,0.0072521070501791775,24.272813982018835,5.167385530514942,2.9427872076098036,398.09186448749597,79.11734058106764,298.97120346481796,-0.0697207261241665,0.15510333355491204,-0.030573061831736463,0.024246513333867927,-11.662656971799375
2.7577530000000006,0.007725953244523528,24.29398630589988,5.169382574063383,2.943112925528929,397.1184041873733,79.80191104029471,298.6389945053945,-0.05340834775053284,-0.2538642357791952,0.03453187122695226,-0.003982405796722509,-4.788831515880046
2.7822470000000004,0.0077528272225474894,24.28928399153729,5.168910363140829,2.943018971955166,396.97244316965333,79.80191104029471,298.6389945053945,0.024997431405623625,-0.1608617133899731,-0.0424993657111075,-0.0036924160366907854,-6.302950284337343
2.8000000000000003,0.007824948669325328,24.286145433252575,5.168535899262641,2.9429551862030956,396.87444925786286,79.80191104029471,298.6389945053945,-0.032947760246586695,-0.20889707183853687,0.01637901246739524,-0.0034955399180332434,-4.3032298784619325
2.8077530000000004,0.007948644887980975,24.317870431143135,5.172441892663806,2.943409929268613,396.6465159897744,79.99499067396624,298.54282880835126,-0.035650736191537594,-0.4111831479690982,0.03174359667080434,-0.012579013130043315,-2.3619971965121977
2.832247,0.007958472948236638,24.309020915909244,5.172339889629492,2.9431131724717923,396.56871724797054,79.99499067396624,298.54282880835126,0.01623266994700354,-0.3319320693546726,-0.019855068893096767,-0.011662292493903678,-3.4436180679208026
2.85,0.008001625329079293,24.30304972987303,5.172234162465259,2.942911713317948,396.5162725913042,79.99499067396624,298.54282880835126,-0.021992062559229034,-0.3515777222957504,0.018562965319621743,-0.011039958765926039,-2.1776719827524333
2.8577530000000007,0.0084756311023913,24.33747203139424,5.176669284752383,2.9433057337891895,395.57951851879017,80.43550674166923,298.32928422918525,0.009899917014273452,-0.6574882560499413,0.02874250734302895,-0.029778402718693392,2.9878045671264837
2.8822470000000004,0.008446573613350659,24.321699470580796,5.177609906396861,2.9426032694646476,395.6560401977682,80.43550674166923,298.32928422918525,-0.006033530671208219,-0.6246942389256177,0.04185458742114523,-0.027604216646573525,3.095377979000373
2.9000000000000004,0.008415543757548211,24.310982005676877,5.178259691236129,2.942126448059452,395.7069662777458,80.43550674166923,298.32928422918525,0.005814736291155577,-0.5797705581230269,0.02809122182657123,-0.026128414357624113,2.555392335772675
2.9077530000000005,0.008368564942471577,24.34674416495159,5.18315973495033,2.942594969817396,395.782850852829,80.33852599126071,298.36816932109394,0.005925342457688778,-0.639199416522498,0.00036758314158854313,-0.02372210869920752,1.7808074148887914
2.9322470000000003,0.008351485442629085,24.33150852901464,5.18332526518323,2.9420353629428777,395.82846902239856,80.33852599126071,298.36816932109394,-0.003592368521241633,-0.6016343620783731,0.009426021188143303,-0.021990811824176185,1.8454915802518879
2.95,0.008333179163563702,24.32115982584691,5.183444340217674,2.9416555002969487,395.85883049109356,80.33852599126071,298.36816932109394,0.003487878980571946,-0.5625942072459057,0.0020340179891906673,-0.020815602866272785,1.5233375233734803
2.9577530000000003,0.008422003576364434,24.35319768289192,5.187720635243731,2.942067820948767,395.66982217444206,80.3780342430761,298.34475807730314,0.016502491006059813,-0.6693218747809978,-0.019357830282063476,-0.023661985706713913,2.157694422880324
2.982247,0.008405250982011664,24.337002370478526,5.187670030538477,2.941509635981461,395.73089606089883,80.3780342430761,298.34475807730314,-0.008231354699526527,-0.6439942844587081,0.0055844396085521116,-0.021934789878096498,2.5705170072132346
3.0,0.008375913238235758,24.32599110739639,5.1876536464847876,2.9411307428225806,395.7717871817638,80.3780342430761,298.34475807730314,0.009989092129071219,-0.5917923856999825,-0.012494529927598178,-0.020762378004179374,1.9005186172754158
3.0077530000000006,0.009087689434407778,24.347967095675862,5.190742690146381,2.941259518004978,394.4088338531701,80.90717582746784,298.09464298425365,0.07484915139791196,-0.8725953153688647,-0.02046888628000462,-0.04219250639149985,8.391519944708092
3.0322470000000004,0.009021663139545465,24.32555283589666,5.192091433164405,2.9402642850206684,394.6531360752753,80.90717582746784,298.09464298425365,-0.036845983718029364,-0.914978345662382,0.08724795694832174,-0.03910583321084065,10.389908510164252
3.0500000000000003,0.008891117575328601,24.31025472307609,5.193092548305538,2.939588828357131,394.81707064272206,80.90717582746784,298.09464298425365,0.04493176024926069,-0.7861590307221438,0.0027701781074614524,-0.037010932819769,7.4666136814686075
3.0577530000000004,0.007939061039509294,24.3175733301342,5.194739681686318,2.9397670852379396,396.6370531717942,79.95941402208715,298.53609358819455,-0.014712489485174698,-0.37055415762132854,-0.06265989833182938,8.754827145774182e-05,-3.0466490069301946
3.082247,0.00796479213078524,24.309204201803723,5.1928886154052325,2.939769150638078,396.55620116311485,79.95941402208715,298.53609358819455,0.007949005941168201,-0.3219638772321123,-0.07968357170017562,8.116897272626039e-05,-3.318885480496651
3.1,0.007997956797902174,24.30353829387186,5.191616273612977,2.9397705527896476,396.50228649582203,79.95941402208715,298.53609358819455,-0.008868760279433634,-0.321179201233868,-0.05903842069628435,7.683821687917087e-05,-2.6311710535556667
3.1077530000000007,0.007846278721800699,24.283018678832452,5.189033700414611,2.9395005643049466,396.8268694440365,79.88987822938076,298.575519861823,-0.015169073274826847,-0.22785220031327738,-0.05331675311041131,0.003672907172247496,-4.17080988833711
3.1322470000000004,0.00788313263421835,24.278037949420682,5.187381140803305,2.9395872148918296,396.71929101594475,79.88987822938076,298.575519861823,0.008788719379933823,-0.1884015623708207,-0.07228571412930353,0.0034053552354010043,-4.36427086327033
3.1500000000000004,0.00792451474266192,24.27467294431127,5.186242872228828,2.93964604111005,396.6476871397096,79.88987822938076,298.575519861823,-0.009058480425574967,-0.1957308242077253,-0.05105164634005506,0.0032237168970112827,-3.5720015118899417
3.1577530000000005,0.008677429497664054,24.258548697852614,5.1842527797292055,2.9392547680821566,395.16716452434054,80.59615129315938,298.2460165199557,0.04751535220476208,-0.4597461777181563,-0.012113342723928808,-0.023621070495761048,4.474967204619826
3.1822470000000003,0.008647424662890762,24.24655284692242,5.185117886324952,2.9386975681419107,395.302169357176,80.59615129315938,298.2460165199557,-0.02267128866455553,-0.4928715437964924,0.05548677517032529,-0.02189528028132151,5.811841860579765
3.2,0.00857469275873219,24.238358266660004,5.185757445665481,2.938319367270544,395.3928691954915,80.59615129315938,298.2460165199557,0.02881360847736164,-0.41623121247836703,0.0022462690049535284,-0.02072389580017975,4.019649748474509
3.2077530000000003,0.008176987343529576,24.224287087723546,5.184575450958088,2.93809634684806,396.1541761914061,80.18044693768357,298.4415695153454,0.0020029304223869913,-0.18151372731037674,-0.020020246859523257,-0.003528017037881257,-0.4265759371995841
3.232247,0.00818244432250957,24.219963257003865,5.1841449527464585,2.9380131184318934,396.14538685219776,80.18044693768357,298.4415695153454,-0.00056656317481181,-0.1706986339294207,-0.016136679968129872,-0.003270704968836198,-0.31881065934238734
3.25,0.00818421731795952,24.21702616469208,5.183854647544386,2.937956620198955,396.1396263837498,80.18044693768357,298.4415695153454,0.0012867349421895225,-0.1597594304488165,-0.01709794117644016,-0.00309603292911289,-0.34473353444924365
3.2577530000000006,0.008324449052221957,24.21449336565229,5.183607179867246,2.9378804011857746,395.85981511420016,80.3053792901023,298.3833592666653,0.012781222326723308,-0.2058540427400338,-0.01203983198559717,-0.007820341521553123,1.11685980479506
3.2822470000000004,0.008317722076519173,24.209328983389124,5.183631396408554,2.9376959175628494,395.89408093996207,80.3053792901023,298.3833592666653,-0.00601300893754303,-0.20869396741746346,0.006700298359514627,-0.00724967362764832,1.4831974565257764
3.3000000000000003,0.008299525080544514,24.205809722885995,5.183661465481365,2.9375706883949615,395.91710820983207,80.3053792901023,298.3833592666653,0.0078064757993462405,-0.18404455367991837,-0.007155910575315266,-0.006862299050104822,1.0071899291525976
3.3077530000000004,0.008349371036693452,24.205747932482286,5.183804009174484,2.9375356730023796,395.81288079378237,80.32474233719249,298.37400320211276,0.012183401189977506,-0.18952646913378135,-0.009613943738435852,-0.007522628848507323,1.424049644177098
3.332247,0.008338975851333877,24.200979170934847,5.18387501824991,2.9373582130495763,395.8540063550187,80.32474233719249,298.37400320211276,-0.005961698896021222,-0.1929511481576111,0.00834364199576009,-0.006973641017777627,1.7433229889563888
3.35,0.008318795476581273,24.197728985956335,5.183936343658282,2.9372377522819666,395.8815554227255,80.32474233719249,298.37400320211276,0.0074019789671735635,-0.16959516953778878,-0.005147321614982952,-0.006600985134275346,1.2602820304735753
3.3577530000000007,0.008815775363397402,24.196768822436905,5.184000679355532,2.9370954093391175,394.9158927255999,80.70319593035472,298.19626653451655,0.04886724085420432,-0.3230157686150975,0.0007843585311558437,-0.021181639038890594,6.017440272689186
3.3822470000000004,0.00876784166504212,24.18794865422142,5.185219829438787,2.936595762137241,395.08811949093916,80.70319593035472,298.19626653451655,-0.024310160354027895,-0.3690106344971606,0.0703325098949012,-0.01963338155795817,7.277953526197561
3.4000000000000004,0.008680463274423213,24.181907282191208,5.186102149516452,2.936256635742909,395.2034801936601,80.70319593035472,298.19626653451655,0.029420583101067287,-0.2968302426515703,0.014138479526062696,-0.018582530127121934,5.31576889633604
3.4077530000000005,0.009063492803831166,24.18127305820617,5.186506105198402,2.9360929285199306,394.4577365047357,80.89345257393602,298.10532691349357,0.06923455289734298,-0.3540630510107478,-0.003420788768760186,-0.025624050135502258,8.308494729831281
3.4322470000000003,0.008996007807869601,24.171220845652496,5.188126002724699,2.935488509413452,394.69669631105955,80.89345257393602,298.10532691349357,-0.03444676267007422,-0.4267790062857815,0.09544607261886918,-0.02374958182462064,10.116446701573715
3.45,0.008870980799668556,24.16431923727136,5.189304643842579,2.9350782933875514,394.856833014492,80.89345257393602,298.10532691349357,0.041527924640514836,-0.32978829399595994,0.016203840918430846,-0.022477390173290427,7.354081672514994
3.4577530000000003,0.009171237496010247,24.16489485017671,5.189927686171888,2.934937816458834,394.259656437767,80.97156858895397,298.06574525822924,0.08014056285397146,-0.33315212243918396,-0.015137278395918118,-0.025139917360058453,9.224561046123197
3.482247,0.009096820734062483,24.155071825798043,5.191535378349845,2.9343448246189543,394.5270365533205,80.97156858895397,298.06574525822924,-0.03967496156878441,-0.4227242679896879,0.09992152269310477,-0.02330026214089994,11.351732197103827
3.5,0.008953908371419185,24.148312733616677,5.192718893254175,2.933942373233286,394.70631437878035,80.97156858895397,298.06574525822924,0.048020743297451575,-0.3145030028781624,0.008997527371346872,-0.022051725917781928,8.186381932246626
3.5077530000000006,0.00911561632062017,24.15115335983185,5.193566541458242,2.9338725931175538,394.35574795705054,80.92417251974815,298.08389828195163,0.07857105582557107,-0.26732168828412045,-0.030831100424996417,-0.019956136614545383,8.637745524841435
3.5322470000000004,0.009048053801051972,24.14292693351549,5.1947601865580575,2.9334018708970926,394.6083108189133,80.92417251974815,298.08389828195163,-0.03858051741223469,-0.3591670151465572,0.08282771647755158,-0.018496103357213505,10.75584014474951
3.5500000000000003,0.008912090669114586,24.13725364179323,5.195660409202337,2.93308239704946,394.77772781497015,80.92417251974815,298.08389828195163,0.04716571209307943,-0.2562457224145215,-0.00528900725291392,-0.01750519529697028,7.685597175899468
3.5577530000000004,0.008292342652247623,24.144176615590602,5.196785192384248,2.9332655260448015,395.91282158575086,80.25987442095722,298.3910182029803,0.01657322988858625,0.03929411402866659,-0.06239661811657397,0.008258724318811533,0.5797534280277536
3.582247,0.008293162247265454,24.14471342995605,5.195703380680697,2.933460352664138,395.9368189575607,80.25987442095722,298.3910182029803,-0.007246493481730643,0.01381671397027564,-0.03523369903396973,0.00765618197528793,1.1277596377468568
3.6,0.008276335822374508,24.145060446423532,5.194986410215893,2.933592604478159,395.9531556219799,80.25987442095722,298.3910182029803,0.010214596994694819,0.030152543690295477,-0.05042536811874254,0.007247165393126661,0.5804338115143867
3.6077530000000007,0.009166503221360625,24.157813463636973,5.196192011395428,2.933668157710055,394.25690134230075,80.96160533331687,298.0639479600295,0.08905040412504306,-0.29704419343843935,-0.04475823325672336,-0.020806034464535834,8.9465522386252
3.6322470000000004,0.009099654056636281,24.148639531308557,5.197303610955888,2.9331773912311365,394.5232786580311,80.96160533331687,298.0639479600295,-0.04317521756307267,-0.4010178817254647,0.08422637063562512,-0.019283581926364535,11.416786935685293
3.6500000000000004,0.008951924742188186,24.14231099398999,5.1981603929376,2.9328443171473118,394.7021664332121,80.96160533331687,298.0639479600295,0.05349518377252531,-0.28517341851314004,-0.014643649213757659,-0.018250321697518727,8.008535943136675
3.6577530000000005,0.00837754918795235,24.16098633517939,5.200661777411988,2.933207299581746,395.74648332774404,80.32288614511526,298.3571930585836,0.019308190787209984,-0.04286353081679349,-0.06921745676100859,0.00594114719641097,1.509624663481487
3.6822470000000003,0.00836927281080946,24.15951141803786,5.199492686296188,2.93334745218554,395.794072215391,80.32288614511526,298.3571930585836,-0.008977064505896588,-0.06661164186718156,-0.03728994204632602,0.005507576416950838,2.078171887349782
3.7,0.00834300514366639,24.158489586224924,5.198719750169981,2.9334425885752125,395.8260978393082,80.32288614511526,298.3571930585836,0.011799177954210417,-0.042755559924910806,-0.05559379796312025,0.00521326609014443,1.373399117283778
3.7077530000000003,0.008472320696131167,24.18105813374544,5.201054583452912,2.933829964397445,395.55756203987397,80.40163140787914,298.31971307277087,0.02980386684748934,-0.13563973758482603,-0.0710160203972684,0.0008929326217698163,2.3954214517526373
3.732247,0.008458634938891933,24.17714165731147,5.200096080474335,2.9338510285487174,395.63255253677806,80.40163140787914,298.31971307277087,-0.013914404800635476,-0.16728033096063571,-0.02428918801819363,0.0008277469474111296,3.267684412627586
3.75,0.008417178373414012,24.174451023916745,5.199477624662771,2.9338653266922994,395.68301116335715,80.40163140787914,298.31971307277087,0.018176874959446306,-0.12699083918246387,-0.054338285648106305,0.0007834995377045129,2.1754428897412255
3.7577530000000006,0.007888789259606722,24.199141600811398,5.202088451639816,2.934412663649124,396.74254136753126,79.90208747428028,298.5557364656351,-0.02161129429394552,0.018391824154605278,-0.08573283035571487,0.01889872388460592,-3.580408415395788
3.7822470000000004,0.007917023057962437,24.20011357933827,5.199527778979018,2.9348585181658184,396.64482462225874,79.90208747428028,298.5557364656351,0.01112301694588221,0.04821196907086665,-0.11064728541361775,0.017521980599577866,-4.055389112061153
3.8000000000000003,0.00795886670624701,24.20079611961624,5.19776669389279,2.935161203285587,396.5795860843931,79.90208747428028,298.5557364656351,-0.013128798853773332,0.021981761778858192,-0.08108666592037093,0.01658732660255415,-3.1143490086676584
3.8077530000000004,0.007721035845652177,24.222014095246497,5.199553788864948,2.9356631300733027,397.102032362182,79.75442481556124,298.629548159155,-0.037676624262460434,0.009031807932275466,-0.08046449568678347,0.020895382672348067,-5.359632431935452
3.832247,0.007760126760904535,24.223155147732747,5.196727471574844,2.936156101205806,396.9524629304078,79.75442481556124,298.629548159155,0.018796502276483325,0.06210441311928301,-0.1283365756467492,0.019374132833794643,-6.260214429471538
3.85,0.007825326783094435,24.223968487520867,5.194769977898666,2.9364907873848844,396.85249269093,79.75442481556124,298.629548159155,-0.023044445833717564,0.017954795346499023,-0.08065623608778745,0.01834133139306283,-4.691233723231055
3.8577530000000007,0.0070540684162672404,24.233466056346057,5.194992449140834,2.9369415973789548,398.6097658896691,79.12551240407781,298.9419768861666,-0.09762995909238939,0.24335922108219285,-0.08594847571610684,0.04191071310487764,-13.068144148043235
3.8822470000000004,0.007137985598264188,24.24159553480506,5.19057704101347,2.9379304710149916,398.24171791154026,79.12551240407781,298.9419768861666,0.04758969955270075,0.36381961953306413,-0.21783848492433444,0.03886757182350805,-15.454683024169272
3.9000000000000004,0.0072885644690039095,24.24720936221402,5.187485211587183,2.938601954614526,397.9957469264931,79.12551240407781,298.9419768861666,-0.060508355460966355,0.23890906537775836,-0.10068908031628256,0.036801160719967314,-11.45369832105665
3.9077530000000005,0.008594917315646433,24.243325977615083,5.186112602329017,2.9384307008036683,395.3402609684591,80.51937737443342,298.2800414039786,0.024568739097445846,-0.3953017449675514,-0.004636863516454218,-0.01802014520874561,4.006902220161839
3.9322470000000003,0.008560377633826425,24.23338694437278,5.186617323032913,2.9380056163575037,395.44993709714345,80.51937737443342,298.2800414039786,-0.012814308805920807,-0.40201832797292425,0.0312904017442986,-0.016703991367321116,4.55757187154814
3.95,0.008509583355463486,24.226613301986372,5.186987260897505,2.9377170828603365,395.5232092699509,80.51937737443342,298.2800414039786,0.014747207084482725,-0.3536414130658308,0.002740747942079337,-0.015810628944626696,3.492125690995584
3.9577530000000003,0.008940737193312157,24.2170542456612,5.186249903039162,2.9374162712147176,394.69581955786543,80.79267495560693,298.1523005484525,0.045843615823562,-0.4356783187906569,0.008064996726457212,-0.02572774748693861,7.453154295070343
3.982247,0.00887372013558178,24.205628920931765,5.187588535289219,2.9368093961158883,394.8999983041231,80.79267495560693,298.1523005484525,-0.024084126064552347,-0.47039632267048986,0.07405084523896506,-0.023846488953438005,8.487765046884633
4.0,0.00877578218646806,24.19782193732618,5.188549536632843,2.936397501317835,395.036432275479,80.79267495560693,298.1523005484525,0.027353887668083634,-0.39506095682312126,0.019937412167153976,-0.022569651915245192,6.499323333827812
4.007753,0.008991929160101539,24.189969021674386,5.1881857519614245,2.9361384494636744,394.5963563633482,80.83146727743103,298.1323076934433,0.05472101862997562,-0.3631150831821857,-0.0019380581914252304,-0.023305798491823203,7.821386046004967
4.032247,0.008924184552899435,24.18004527548677,5.18949855160155,2.9355887076252536,394.8147652816857,80.83146727743103,298.1323076934433,-0.02804780861812905,-0.41532602023497983,0.07697055711649357,-0.021601359770180753,9.145951452510243
4.05,0.008815623313757372,24.17324737960743,5.190452140075385,2.935215594137708,394.9608713584152,80.83146727743103,298.1323076934433,0.03273291092593711,-0.33380545484703616,0.013569885735055394,-0.020444545732581698,6.859638407005946
4.057753000000001,0.008958564185371574,24.17000206027958,5.190555627643033,2.935056673223286,394.6504180485966,80.80423554152812,298.14250692670976,0.05855472825247575,-0.28314103275945207,-0.016548911412380442,-0.018871731419686157,7.362201499764665
4.082247000000001,0.008898277258516898,24.16188174953914,5.191606760587512,2.934611521067473,394.86039880832226,80.80423554152812,298.14250692670976,-0.029307693245127647,-0.3460168420730248,0.06824182124793425,-0.017491730003134573,8.862281615592616
4.1000000000000005,0.008790825564970154,24.156303862690844,5.192386711396828,2.9343093909424636,395.0010324502931,80.80423554152812,298.14250692670976,0.03514987478329814,-0.2646005596721625,0.001699461041662599,-0.01655510643509929,6.498054027448754
4.107753000000001,0.008553016761054837,24.152384329785754,5.1922677966517155,2.9342387875228417,395.41126804189184,80.47857995145685,298.29274937049536,0.0288890512965192,-0.08806567947549529,-0.033177448131846414,-0.0034233762026947717,3.4048053503396902
4.1322470000000004,0.008527357846535482,24.149599760359024,5.192192294176424,2.93415803158821,395.50947335989247,80.47857995145685,298.29274937049536,-0.014204623014240761,-0.12261868819827922,0.010229388058202608,-0.003173382798094066,4.16118367424639
4.15,0.008478257342806121,24.14767797921837,5.192172728815466,2.9341032164448997,395.5752602308787,80.47857995145685,298.29274937049536,0.017486469588922547,-0.0851304017382592,-0.021249137959346593,-0.0030036934203142057,3.012708936261311
4.1577530000000005,0.008454120084186355,24.148409946733633,5.192235115745679,2.9341240949288703,395.59774437732193,80.40027236145733,298.32956608099965,0.026748905352362632,-0.03700193688233112,-0.04078807506199755,3.659520682264491e-05,2.3014585093193953
4.182247,0.00844016947872389,24.146892122655633,5.191917884296713,2.93412495820469,395.6686305954096,80.40027236145733,298.32956608099965,-0.012583079176520661,-0.07168002278448038,-0.00043121195359969837,3.3923706710205445e-05,3.0722988981459705
4.2,0.008401846582621072,24.14583298449162,5.1917314039073075,2.9341255441882517,395.71627812622233,80.40027236145733,298.32956608099965,0.01630459803716357,-0.03963332264746992,-0.028623211159246122,3.2110317389947944e-05,2.078168780690377
4.207753,0.00782367286476558,24.147734547341162,5.191768953323822,2.9343014709036623,396.8803427580497,79.86246834265553,298.5857811104574,-0.023653475873835407,0.1957353393474126,-0.05676424769658949,0.0208130796858268,-4.307889132777759
4.232247,0.00785831562397722,24.152944996012415,5.189837101134533,2.9347924916550028,396.7642353308991,79.86246834265553,298.5857811104574,0.012386968041306172,0.21579630954952023,-0.08694736065085915,0.019297131576113295,-4.794621740612868
4.25,0.007906611748735382,24.156507122708316,5.18850079834789,2.9351258433603107,396.6867963098059,79.86246834265553,298.5857811104574,-0.014349444859332955,0.1782115062343626,-0.056234432991826386,0.018267961452135623,-3.7313004938917573
4.257753,0.007699220460704445,24.155780955798033,5.187778983952379,2.9352595324224704,397.1461959004128,79.75718592037599,298.64084163195935,-0.03241301285084574,0.21716239113882924,-0.04896678443629037,0.02203131558610474,-5.695800424716387
4.282247,0.007743767382960315,24.16171356976473,5.185814497425367,2.9357793026449137,396.9919895603787,79.75718592037599,298.64084163195935,0.016798727310435614,0.24820404231438975,-0.09225374942054039,0.020427347573744,-6.3790035864526535
4.3,0.0078075181218980475,24.165774822529755,5.1844472692630035,2.9361321828858538,396.889123346509,79.75718592037599,298.64084163195935,-0.019728540814249285,0.19934081283151148,-0.05170405753679193,0.019338388271685783,-4.938810592832844
4.307753000000001,0.009558567524633481,24.161870747293023,5.183513606394635,2.9358003829995414,393.5768915280405,81.27367638399191,297.93374289252023,0.11550688902889383,-0.44622669797787956,0.0074139959447625655,-0.03980139768663926,12.591518698444066
4.332247000000001,0.009454985063109309,24.1485178369817,5.186516462003199,2.9348616074322096,393.9458255293048,81.27367638399191,297.93374289252023,-0.057047148530861035,-0.5776228832045152,0.17096170069941397,-0.03688517532334738,15.725163266684778
4.3500000000000005,0.009247626288584101,24.13931921042615,5.188691327471704,2.9342245349249962,394.19343300238944,81.27367638399191,297.93374289252023,0.06883474670687763,-0.4238104185210027,0.03896792183306686,-0.0349061665408163,11.221306982807906
4.357753000000001,0.00864913570416585,24.14332232917025,5.1900483462505385,2.9342625578190313,395.22925289850554,80.55916975297438,298.2573084262289,0.03479144826270172,-0.09621466202938302,-0.022050408326629488,-0.006692523765423927,4.398184481621696
4.3822470000000004,0.00861443585223238,24.140197293615557,5.19038359766084,2.9341046862122186,395.35454871822856,80.55916975297438,298.2573084262289,-0.017331052896112687,-0.13876715035776896,0.0291413582627287,-0.006203634062791138,5.285273436984756
4.4,0.008552338728257017,24.138037601058034,5.190649697080032,2.9339975293226788,395.4384280820014,80.55916975297438,298.2573084262289,0.020994530753032068,-0.09394582736412348,-0.00981597053336782,-0.005871795419227009,3.877300649382668
4.4077530000000005,0.007916358240864856,24.146664822199153,5.191656123208765,2.934263099669412,396.69300717389353,79.94154647999838,298.5479280411646,-0.023967237137273542,0.15739947402026852,-0.04612905052915853,0.017795922302467702,-3.1307712924483453
4.432247,0.00793903124920245,24.15096623100826,5.189979764727348,2.9346829344305827,396.6043803211075,79.94154647999838,298.5479280411646,0.011838214089017104,0.1799904398019874,-0.07682724493206974,0.01649930091733461,-3.729082576635069
4.45,0.007979360189169043,24.153911307922403,5.188816781865388,2.9349679518349707,396.54510741907427,79.94154647999838,298.5479280411646,-0.014637967867952543,0.14454320854160876,-0.046883848685125934,0.015619050647837134,-2.750836766209862
4.457753,0.008258912071335204,24.15507201698473,5.188466410456003,2.9350108840181113,395.99160586845863,80.24142877245023,298.4085077013137,0.004731778210432745,0.003361045898192784,-0.027117955848893267,0.003592434294299134,0.4783680137040415
4.482247,0.008255738126777216,24.15503650681773,5.187941483900592,2.935095631239253,396.0058204374652,80.24142877245023,298.4085077013137,-0.002264924520080861,-0.0035356583159161827,-0.01848812276118639,0.003330356792871267,0.6086081728768554
4.5,0.008248548323600488,24.155007366488917,5.187590187687985,2.935153159481805,396.01535481630987,80.24142877245023,298.4085077013137,0.0028867704780141156,0.0016839178331549349,-0.02253121362988122,0.0031524529292836657,0.4268546373770472
4.507753,0.008312612245015618,24.15270836393839,5.187167207806182,2.9351290774833183,395.88731685711446,80.2874907079191,298.388069281217,0.006552688713479475,-0.011583745891596846,-0.019108782084866136,0.0013999292781071016,1.0887795003841083
4.532247,0.008303509045099668,24.152271416900177,5.1868801090623915,2.935162102227633,395.9170368098342,80.2874907079191,298.388069281217,-0.0034083287685513055,-0.020221406547376645,-0.0082315871823211,0.001297780977929257,1.2335031250540092
4.55,0.0082902014756709,24.15196768353657,5.18669235101621,2.935184519840637,395.93687901138276,80.2874907079191,298.388069281217,0.0039510990435617675,-0.01196366742901749,-0.014969102204937104,0.0012284414233014994,0.9471107571668539
4.557753000000001,0.008520858788798609,24.149648332425922,5.186347744113393,2.9351139910035116,395.4776506466308,80.46110847795892,298.30712604903937,0.024194057544241306,-0.0751964505768056,-0.012324179484781575,-0.005439730569929981,3.167503476959208
4.582247000000001,0.0084959067630496,24.147278795466246,5.186652702125539,2.9349856697927628,395.56733755504484,80.46110847795892,298.30712604903937,-0.012094042081666461,-0.10422705179698213,0.023097181226926274,-0.0050425212519999724,3.7745702434316235
4.6000000000000005,0.008452427355253802,24.1456438614659,5.186886243666093,2.934898568072873,395.62735026754484,80.46110847795892,298.30712604903937,0.014621368198295254,-0.07258540532009604,-0.004206553069589118,-0.004772903980265576,2.786419942616445
4.607753000000001,0.00852534061990194,24.145311933000624,5.186929444873846,2.9348658915978203,395.46730440463057,80.46443514654395,298.3049571751979,0.02602940393104494,-0.06167461287158965,-0.015542240870427161,-0.004803693081031034,3.1774957433865687
4.6322470000000004,0.008501069642083916,24.14321875817411,5.187201103973764,2.9347525743352167,395.5583741146966,80.46443514654395,298.3049571751979,-0.012863505362949477,-0.09416328223793,0.022584884701824025,-0.004452922339260479,3.8498731460319164
4.65,0.008456091320814426,24.141769453081412,5.187414003952197,2.934675657050906,395.6193534871956,80.46443514654395,298.3049571751979,0.015752616624656195,-0.06120010198236718,-0.006551034560169884,-0.00421482681654274,2.805518469809646
4.6577530000000005,0.009346738876744611,24.1414488782618,5.187466618906699,2.9344797530084716,393.9477381318104,81.10862194933645,298.005219515075,0.09491176042868144,-0.3172044389522616,-0.005032103520582669,-0.02915372333788362,10.801458711647705
4.682247,0.009258180347915474,24.131639680134434,5.189675180855321,2.9337921002591996,394.2615694051116,81.10862194933645,298.005219515075,-0.047039793138147094,-0.42898137628551125,0.1303385775678759,-0.02701912534143354,13.335458255830037
4.7,0.009087170326514231,24.124871730890813,5.191284937120674,2.93332542279966,394.4720370778764,81.10862194933645,298.005219515075,0.05671682476809402,-0.30474667076693396,0.022115832167800657,-0.02557047444724949,9.594589443073907
4.707753,0.00858091434144002,24.127361269505776,5.192181814504322,2.933367297786335,395.35541293482476,80.50220656154751,298.2817652502498,0.033243429786731275,-0.018587831782839362,-0.034287185981799174,-0.0016620961727018301,3.6370175520315695
4.732247,0.008554455390783582,24.12611213867211,5.192183651801675,2.933328089821956,395.4618150301368,80.50220656154751,298.2817652502498,-0.016170609789661373,-0.06421649715658326,0.015203081871815733,-0.001540708890502525,4.531323947757664
4.75,0.008500028917856107,24.125227798203166,5.192221365814808,2.933301476599842,395.53314487255886,80.50220656154751,298.2817652502498,0.020141259471335955,-0.025335226345910847,-0.021057045858975148,-0.001458314745482622,3.231893410973106
4.757753000000001,0.007683690593459169,24.13158275436112,5.1927844614295475,2.933595005852388,397.1814067932797,79.73326547856998,298.6470329063063,-0.03721666852355375,0.29956658401464403,-0.06266473641252733,0.028116189494773857,-5.826590431507744
4.782247000000001,0.007727502538210485,24.139572101331176,5.190384204515164,2.9342583350610845,397.0211200097498,79.73326547856998,298.6470329063063,0.01886415890112311,0.3311307144454095,-0.11147453084580178,0.026069424718700846,-6.671594208219343
4.800000000000001,0.007795448595180971,24.14503443403311,5.188716419651445,2.9347086828618565,396.9141106761205,79.73326547856998,298.6470329063063,-0.022728073783529052,0.27289359347804765,-0.06494584477704592,0.024679834145096065,-5.074594740794534
4.807753000000001,0.008060361758294082,24.142729017238818,5.18771446249653,2.934739139426967,396.39245521129783,80.07468939969593,298.4885037946407,-0.00900834812426416,0.11490610846472528,-0.03207902446898706,0.011045450186026404,-1.6369164317919753
4.832247000000001,0.008073950480897226,24.14566588606465,5.186731576872631,2.9349997139043014,396.34831159929973,80.07468939969593,298.4885037946407,0.004743777161941912,0.11962469000717182,-0.042835820655909455,0.010240220835300266,-1.8233580691390308
4.8500000000000005,0.008092806192470792,24.147669222277564,5.1860547100458945,2.935176605940355,396.31886581212206,80.07468939969593,298.4885037946407,-0.005442261254096679,0.10330619394613078,-0.030616390986622197,0.009693587639306403,-1.4183444683881135
4.857753000000001,0.008702756402396903,24.150011705270103,5.186060827709111,2.9351375750549877,395.12602046333063,80.61016486524252,298.23757732407165,0.041799427320632694,-0.13659134936576606,-0.010256878530989676,-0.01142490906683083,4.885047350541988
4.8822470000000004,0.008665354884007255,24.145766234403226,5.186842288058338,2.9348680722782943,395.2671653211357,80.61016486524252,298.23757732407165,-0.020578930192374223,-0.1859354468089538,0.04981679825905165,-0.0105901392495928,5.984522828491854
4.9,0.00859356559413313,24.142838218857825,5.187419107135571,2.9346851473207924,395.3617343247762,80.61016486524252,298.23757732407165,0.0252413688027047,-0.13126814631517833,0.0024321976695131655,-0.010023539397766516,4.325640033640347
4.9077530000000005,0.007412964007101288,24.14757787238246,5.187999331391403,2.934991461950022,397.783768628611,79.4872435129082,298.7717742111852,-0.06468802856583578,0.35136672390977713,-0.05152466985653676,0.033565027335263,-8.794843397093842
4.932247,0.007473138423346127,24.157454183301734,5.185197307003933,2.9357833742838917,397.53656951609963,79.4872435129082,298.7717742111852,0.03183629731104543,0.4176350706096532,-0.13959787490698225,0.031124140019142696,-10.372309650213182
4.95,0.007578284745169772,24.164224176138468,5.183230531188712,2.9363210577357126,397.37138467968,79.4872435129082,298.7717742111852,-0.03982676167183316,0.32542915779513787,-0.0621967719217472,0.02946685465874374,-7.703432839230594
4.957753,0.007994107116016232,24.167919255084286,5.182878296384414,2.936426334541374,396.5326222704612,80.0244175501613,298.51762977935834,-0.01613035139200699,0.056203687062396195,-0.0163354753401448,0.007826525468405897,-2.2762774131488746
4.982247,0.008011320661908995,24.16964292319983,5.1820951715252646,2.936610972513143,396.46898976633383,80.0244175501613,298.51762977935834,0.0080820487322359,0.07514394679606266,-0.03818157047037293,0.0072560811530954245,-2.6649716414774467
5.0,0.008039954397098321,24.170830007209545,5.181546588307148,2.9367363165527016,396.42645891268967,80.0244175501613,298.51762977935834,-0.009821823940438677,0.053661008737534564,-0.01867129894082624,0.00686882714385965,-1.9929639740172378
